{
    "avg_prec": 0.7529274111285549,
    "roc_auc": 0.927460263780859
}